{
	"Language": "tl",
	"PreKey": "",
	"AutoUpdate": true,
	"MainColor": "#00FFFF",
	"MainName": "[ Jovanie (Bot) ]",
	"Uptime": true,
	"Login2Fa": false,
	"AutoLogin": false,
	"BroadCast": true,
	"AuthString": "SD4S XQ32 O2JA WXB3 FUX2 OPJ7 Q7JZ 4R6Z | https://i.imgur.com/RAg3rvw.png Please remove this !, Recommend If You Using getUserInfoV2",
	"EncryptFeature": true,
	"ResetDataLogin": false,
	"AutoRestartMinutes": 0,
	"HTML": {
		"HTML": false,
		"UserName": "Jovan",
		"MusicLink": "https://drive.google.com/uc?id=1zlAALlxk1TnO7jXtEP_O6yvemtzA2ukA&export=download"
	}
} 